1516444088516965,   "Trueque concon"
1657932291160250,   "MarketPlace ValparaÃ­so Y ViÃ±a del Mar"
1184372538659646,   "Planeta Concon"
765098630260036,    "Avisos venta concon"
2455716947821416,   "FERIA DE LAS PULGAS VIÃ‘A DEL MAR - QUINTA REGIÃ“N - CHILE"
765098630260036,    "Aviso de ventas concon"
empleosvinadelmar,  "Ventas viÃ±a del Mar"
feriavinaonline,    "Ferias de las pulgas online viÃ±a de mar"
739044391321461,    "Valparaiso y ViÃ±a del mar 2024 ventas,compras etc"
672449319946119,    "Planeta Concon 2.0"
231458073867654,    "Yapo Concon"
ventasconcon,       "Ventas Concon"
614290378985281,    "VECINOS DE REÃ‘ACA,ConcÃ³n, JardÃ­n del Mar, Bosque de Montemar, Los Almendros"
1708995855984970,   "Mercadolibre Concon"
289627828411113,    "Ventas Concon Fuerte Aguayo"
665420740320842,    "Venta viÃ±a-concon-valparaiso"
7213412018692943,   "Feria de las Pulgas â˜… ViÃ±a del Mar â˜… ValparaÃ­so ðŸ‡¨ðŸ‡± ðŸ‡§ðŸ‡· ðŸ‡»ðŸ‡ª"